{"episode": 141, "episode_reward": 150.0, "loss": 713.41015625, "mean_episode_reward": 139.85914611816406, "global_steps": 1420, "_timestamp": 1722235091.5821211, "_runtime": 37.86661505699158, "_step": 141, "_wandb": {"runtime": 37}}