{"episode": 82, "episode_reward": 15.0, "loss": 0.0, "mean_episode_reward": 13.77108383178711, "global_steps": 117, "_timestamp": 1722238821.62185, "_runtime": 10.052163124084473, "_step": 82, "_wandb": {"runtime": 9}}