{"episode": 339, "episode_reward": 15.0, "loss": 88.74317932128906, "mean_episode_reward": 13.676470756530762, "global_steps": 490, "_timestamp": 1722239037.0994592, "_runtime": 111.45773005485535, "_step": 339, "_wandb": {"runtime": 111}}