{"episode": 2, "episode_reward": 132.0, "loss": 0.0, "mean_episode_reward": 144.0, "global_steps": 30, "_timestamp": 1722234744.3691216, "_runtime": 2.4267234802246094, "_step": 2, "_wandb": {"runtime": 2}}