{"episode": 1322, "episode_reward": 6.0, "loss": 13.207063674926758, "mean_episode_reward": -9.500377655029297, "global_steps": 12546, "_timestamp": 1722238856.9537184, "_runtime": 877.0400674343109, "_step": 1322}