{"episode": 560, "episode_reward": 15.0, "loss": 59.117218017578125, "mean_episode_reward": 3.707664728164673, "global_steps": 576, "_timestamp": 1722237737.8798163, "_runtime": 213.5829372406006, "_step": 560}