{"episode": 2, "episode_reward": 150.0, "loss": 0.0, "mean_episode_reward": 150.0, "global_steps": 30, "_timestamp": 1722234724.0986972, "_runtime": 2.38977313041687, "_step": 2, "_wandb": {"runtime": 2}}