{"episode": 9999, "episode_reward": 10.0, "loss": 3.7765426635742188, "mean_episode_reward": 12.781000137329102, "global_steps": 25256, "_timestamp": 1722260828.5152054, "_runtime": 21637.25635933876, "_step": 9999, "_wandb": {"runtime": 21636}}