{"episode": 2, "episode_reward": 150.0, "loss": 0.0, "mean_episode_reward": 132.0, "global_steps": 30, "_timestamp": 1722234874.605067, "_runtime": 2.3660480976104736, "_step": 2, "_wandb": {"runtime": 2}}