{"episode": 4999, "episode_reward": -10.0, "loss": 0.2785302400588989, "mean_episode_reward": -12.333600044250488, "global_steps": 50000, "_timestamp": 1722230279.4227703, "_runtime": 5128.280877351761, "_step": 4999, "_wandb": {"runtime": 5127}}