{"episode": 1029, "episode_reward": 150.0, "loss": 260.32232666015625, "mean_episode_reward": 149.35340881347656, "global_steps": 10300, "_timestamp": 1722235726.474612, "_runtime": 500.0283749103546, "_step": 1029}