{"episode": 2, "episode_reward": 114.0, "loss": 0.0, "mean_episode_reward": 138.0, "global_steps": 30, "_timestamp": 1722234690.3295429, "_runtime": 2.3810648918151855, "_step": 2, "_wandb": {"runtime": 2}}