{"episode": 2, "episode_reward": 150.0, "loss": 0.0, "mean_episode_reward": 150.0, "global_steps": 30, "_timestamp": 1722234214.9816751, "_runtime": 2.410748243331909, "_step": 2, "_wandb": {"runtime": 2}}