{"episode": 1000, "episode_reward": 15.0, "loss": 722.899169921875, "mean_episode_reward": 14.925074577331543, "global_steps": 1026, "_timestamp": 1722237441.7752457, "_runtime": 516.3563566207886, "_step": 1000, "_wandb": {"runtime": 515}}